Supervisee Name,Frequency
ed h. chi,4
susan l. havre,3
william j. schroeder,3
chris bryan,3
joe michael kniss,3
sarah goodwin,3
taosong he,3
petra isenberg,3
jian zhao 0010,3
christoph garth,3
jessica hullman,3
ricardo s. avila,3
david c. banks,3
siming chen 0001,3
nathalie henry riche,3
hanqi guo 0001,3
daniel a. keim,3
mei c. chuah,3
melanie tory,3
kevin montgomery,3
carlos d. correa,3
filip sadlo,3
gerik scheuermann,3
wenwen dou,3
ken museth,3
daniela oelke,3
martin isenburg,3
po-ming law,3
dylan cashman,2
douglass davis,2
samuel huron,2
ross maciejewski,2
sriram karthik badam,2
david n. kenwright,2
roni yagel,2
emily wall,2
eric b. lum,2
david akers,2
soon tee teoh,2
dominik sacha,2
donghao ren,2
klaus mueller,2
steffen hadlak,2
thomas c. sprenger,2
baoquan chen,2
basak alper,2
boonthanome nouanesengsy,2
tommy dang,2
tomihisa welsh,2
bruno jobard,2
thomas schultz 0001,2
thomas mühlbacher,2
thomas gerstner,2
charles d. stolper,2
steffen oeltze-jafra,2
charles perin,2
tatiana von landesberger,2
chris stolte,2
t. j. jankun-kelly,2
christophe hurter,2
christopher olston,2
sung-eui yoon,2
steven bergner,2
cong xie,2
robert s. laramee,2
gill barequet,2
fernando vieira paulovich,2
martin kraus,2
ming-yuen chan,2
ming wan,2
michail schwab,2
jihad el-sana,2
jing yang 0001,2
michael sedlmair,2
mennatallah el-assady,2
mengchen liu,2
maurice termeer,2
josua krause,2
markus glatter,2
mosab khayat,2
kai lawonn,2
kalpathi r. subramanian,2
marian dörk,2
marco ament,2
klaus engel,2
krist wongsuphasawat,2
kwan-liu ma,2
lukas mroz,2
laurent castanie,2
liang gou,2
miriah d. meyer,2
jason d. wood,2
remco chang,2
philipp muigg,2
randy k. scoggins,2
ralf kähler,2
qiaomu shen,2
ayan biswas,2
purvi saraiya,2
prithiviraj k. muthumanickam,2
prashant chopra,2
gromit yeuk-yin chan,2
guangfeng ji,2
phong h. nguyen,2
hadley wickham,2
jaemin jo,2
hamish a. carr,2
han-wei shen,2
hans-georg pagendarm,2
heidi lam,2
heike leitte,2
helwig hauser,2
huamin qu,2
hui xie 0001,2
oliver g. staadt,2
j. edward swan,2
bahador saket,2
roger crawfis,2
alark joshi,2
abish malik,2
alexander lex,2
alper sarikaya,2
alethea bair,2
andrea batch,2
xiaoming wei,2
arthur van goethem,2
xumeng wang,2
xuanwu yue,2
aidong lu,2
yalong yang 0001,2
arjun srinivasan,2
yehuda koren,2
zhicheng liu,2
alexander kumpf,2
alex t. pang,2
zuchao wang,2
amitabh varshney,2
anton l. fuhrmann,2
norman j. zabusky,1
yuqun chen,1
octavio juarez espinosa,1
nivedita r. kadaba,1
norbert lindow,1
nivedita sahasrabudhe,1
yuyan song,1
nivan ferreira,1
nils thune,1
ofri sadowsky,1
weichao wang,1
ola nilsson,1
olav lenz,1
olga sorkine-hornung,1
yuntao jia,1
oliver kreylos,1
oliver staubli,1
nikolai a. svakhine,1
ove daae lampe,1
ovidio mallo,1
ozan ersoy,1
p. samuel quinan,1
pablo roman,1
pak chung wong,1
panpan xu,1
paola valdivia,1
nils rodrigues,1
neal e. hurlburt,1
niklas elmqvist,1
monika jankun-kelly,1
yves jean,1
naim alper,1
nafees ahmed,1
mustafa bilgic 0001,1
moritz ehlke,1
monique meuschke,1
monika hannemann,1
nicu d. cornea,1
monika büscher,1
monica tavanti,1
monica k. hurdal,1
mohammad h. ghavamnia,1
mohammad ghoniem,1
mitchell roth,1
nan cao,1
nan zhang 0011,1
narges mahyar,1
natascha sauber,1
nate hoobler,1
yuzuru tanahashi,1
nathalie prevost,1
nathan conklin,1
nathan gossett,1
nathan litke,1
nathaniel fout,1
nazanin kadivar,1
yun wang 0012,1
nelson wong,1
nicholas kong,1
nico pietroni,1
nicole jardine,1
paolo angelelli,1
pascal goffin,1
yubo tao,1
yinggang li,1
philipp koytek,1
philip peterson,1
philip m. sutton,1
philip j. mercurio,1
philip c. hsu,1
philip a. legg,1
yingmei lavin,1
peter schröder,1
peter rautek,1
yong wang 0021,1
peter rander,1
peter lüders,1
peter lindstrom,1
peter kohlmann,1
peter kochevar,1
philipp meschenmoser,1
philipp schlegel,1
yong zhou 0001,1
yingcai xiao,1
yen-ting kuan,1
qian chen 0022,1
yi han 0005,1
yifan zhang 0007,1
praveen r. thiagarajan,1
praveen bhaniramka,1
ying tu,1
pramod m. mahadev,1
poonam shanbhag,1
polina kondratieva,1
ying-huey fua,1
ping-kang hsiung,1
pierre accorsi,1
yingcai wu,1
pier francesco cortese,1
peter bak,1
peter a. rona,1
paolo brivio,1
yu-hsuan chan,1
yu-shuen wang,1
paul bendich,1
paul a. navrátil,1
paul a. hinker,1
patrizia palamidese,1
patrick riehmann,1
patrick oesterling,1
patrick köthur,1
patrick j. moran,1
patrick hoffman,1
patricia crossno,1
patric ljung,1
pascale proulx,1
pascal nardini,1
mingdong zhang,1
paul chapman,1
youwei zhang,1
yongsu ahn,1
paul craig,1
peter a. fletcher,1
pepe eulzer,1
peer-timo bremer,1
yootai kim,1
pavol klacansky,1
youn ah kang,1
paulo joia,1
paulo ivson 0001,1
paulo e. rauber,1
paul van der corput,1
paul rosenthal,1
paul ning,1
paul klemm,1
paul kidwell,1
paul gene swann,1
minsu ahn,1
milana huang,1
zachary pousman,1
zikun deng,1
maria-elena froese,1
maria shneerson,1
maria m. loughlin,1
maria luján ganuza,1
maria c. velez,1
margaret-anne d. storey,1
marek teichmann,1
marco tarini,1
marco lanzagorta,1
marco cavallo,1
zicheng liao,1
marcel hlawatsch,1
zijie j. wang,1
marcel gavriliu,1
marc weber,1
zhuochen jin,1
mario hlawitschka,1
mario romero,1
markus bögl,1
marlen promann,1
markus steinberger,1
markus höferlin,1
markus hadwiger,1
zhicong lu,1
zhifan zhu,1
zhongjie wang 0001,1
mario valle,1
mark s. peercy,1
mark pauly,1
mark gray,1
mark a. duchaineau,1
mark a. christon,1
marjan trutschl,1
marc treib,1
marc ruiz,1
ming-hoe kiu,1
marc p. persoon,1
zoya maslak,1
lujin wang,1
zoë j. wood,1
lucian voinea,1
luc beaudoin,1
luana micallef,1
louis bavoil,1
lori l. scarlatos,1
lonni besançon,1
lok m. hwa,1
liying sun,1
lisa sobierajski avila,1
lisa m. sobierajski,1
lingyun yu,1
lingxiao zhao,1
luke j. gosink,1
luke s. snyder,1
lydia byrne,1
manfred weiler,1
marc najork,1
ziyi zheng,1
marc khoury,1
marc d. hansen,1
marc alexa,1
maoyuan sun,1
manfred brill,1
m. j. geller,1
zoltan konyha,1
malte zöckler,1
mahsa mirzargar,1
madison a. elliott,1
maarten h. everts,1
m. l. lantin,1
marta kersten,1
martijn tennekes,1
martin fink 0001,1
martin haidacher,1
zengsheng zhong,1
michael meißner,1
michael margaliot,1
michael krone,1
michael j. mcguffin,1
michael higgins,1
michael granitzer,1
michael garland,1
michael douma,1
michael d. mccool,1
michael correll,1
michael brasher,1
michael bostock,1
michael blumenschein,1
michael behrisch 0001,1
michael ogawa,1
michael oppermann,1
michael schlemmer,1
miguel nunes,1
zachi karni,1
ming jiang 0005,1
milos krstajic,1
zahid hossain 0001,1
mihaela jarema,1
mihael ankerst,1
miguel a. otaduy,1
zan armstrong,1
michelle x. zhou,1
michelle dowling,1
michelle borkin,1
zaixian xie,1
michael zinsmaier,1
michael traoré,1
michael balzer,1
michael ankele,1
mi feng,1
marzieh berenjkoub,1
zhaohua ding,1
matt williams,1
mathias hummel,1
matej novotny,1
matej mlejnek,1
maría virginia sabando,1
martin suter,1
matthew l. parry,1
martin schulz 0005,1
martin röhlig,1
martin roth,1
martin luboschik,1
zhaosong huang,1
martin hering-bertram,1
matthew brehmer,1
matthew tobiasz,1
zezheng feng,1
meenakshisundaram gopi,1
mengdie hu,1
zezhong wang,1
zhanping liu,1
zhao geng,1
mehmet adil yalçin,1
megan monroe,1
maximilian weiß,1
matthias hopf,1
maximilian t. fischer,1
max sondag,1
matús straka,1
matthias zwicker,1
matthias labschutz,1
matthias kreuseler,1
qin shen,1
r. j. moorehead,1
qingguang cui,1
tan tang,1
takayuki itoh,1
t. todd elvins,1
t. j. true,1
wojciech burakiewicz,1
sébastien rufiange,1
sylvia saalfeld,1
wolfgang freiler,1
sye-min chan,1
sven kuschfeldt,1
wolfram von funck,1
sven gedicke,1
sven bachthaler,1
suzana djurcilov,1
"suyun sandra"" bae",1
suya you,1
tamara munzner,1
tanja blascheck,1
stef van den elzen,1
wim c. de leeuw,1
william f. garrett,1
thierry delmarcelle,1
william l. barth,1
theresa-marie rhyne,1
teruhiko teraoka,1
terry s. yoo,1
tera marie green,1
teng-yok lee,1
ted mihalisin,1
william l. hibbard,1
william usher,1
tariq yousef,1
tarik crnovrsanin,1
tarek k. alameldin,1
taowei david wang,1
susanne k. suter,1
wonyoung so,1
supriya garg,1
x. wu,1
stephen rudolph,1
stephen l. senft,1
stephen kasica,1
stephen g. eick,1
stephan pajer,1
steffen prohaska,1
xiaoke huang,1
steffen koch,1
xiaoru yuan,1
steffen frey,1
stefan röttger,1
stefan lindholm,1
stefan jänicke,1
stefan guthe,1
stefan gumhold,1
stephen smart,1
stephen wehrend,1
steve bryson,1
steven schlegel,1
sunil hadap,1
sungye kim,1
sunghee kim,1
xavier tricoche,1
sujin jang,1
sujal bista,1
steven r. gomez,1
steve kieffer,1
steven p. callahan,1
steven g. parker,1
steve petruzza,1
xiaohong ye,1
steve marschner,1
steve m. f. treavett,1
thilo spinner,1
thomas a. foley,1
thomas a. wagner,1
tushar m. athawale,1
vinod anupam,1
vid petrovic,1
victor matvienko,1
veronika soltészová,1
vasily volkov,1
valentin zobel,1
vahan yoghourdjian,1
vadim a. slavin,1
uta hinrichs,1
usman r. alim,1
wenchao wu,1
upul obeysekare,1
ulrich lang,1
ulrich clarenz,1
udo adamy,1
vishram pandit,1
vivek verma,1
vladimir pekar,1
weiwei cui,1
weifeng chen 0002,1
wei-chao chen,1
weikai yang,1
wei zeng 0004,1
wei zeng 0002,1
wei qiao,1
wei peng,1
voicu popescu,1
wei hong 0006,1
wei chen 0001,1
wayne e. fordyce,1
waqas javed,1
wan-chiu li,1
walter jiménez,1
udeepta bordoloi,1
trevor m. o'brien,1
thomas auzinger,1
tran s. gieng,1
tichomir tenev,1
tiankai xie,1
tiago etiene,1
thorsten büring,1
thomas torsney-weir,1
thomas theußl,1
wieland reich,1
william a. pike,1
thomas löwe,1
thomas kapler,1
thomas j. overbye,1
thomas höllt,1
william c. hill,1
william e. lorensen,1
thomas butkiewicz,1
tien nguyen,1
tim gerrits,1
timothy major,1
tom polk,1
tran minh quan,1
torsten möller,1
torin mcdonald,1
wenli cai,1
wesley willett,1
tom roxborough,1
wiebke köpp,1
timothy urness,1
tom baumgartl,1
tolga tasdizen,1
tobias skog,1
tobias schreck,1
tobias rapp,1
tobias preußer,1
stefan bruckner,1
stanislav l. stoev,1
qingmin shi,1
yarden livnat,1
robin skånberg,1
robin bader,1
roberto grosso,1
robert strzodka,1
robert s. macleod,1
yasuko suzuki,1
robert michael kirby,1
robert m. edsall,1
robert kosara,1
robert j. hendley,1
robert haimes,1
robert h. wolfe,1
robert g. hughes,1
robert b. haber,1
robert albert,1
rocco gasteiger,1
roel vliegen,1
staffan björk,1
roeland scheepens,1
rostislav khlebnikov,1
yanhua chen,1
rosane minghim,1
yaniv frishman,1
rongzheng bian,1
ronell sicat,1
romain vuillemot,1
rolf westerteiger,1
roland heilmann,1
roland fraedrich,1
lijie xu,1
roger c. tam,1
roger beecham,1
yao ming,1
roger a. leite,1
robert a. cross,1
robert a. amar,1
rob ingram,1
richard m. wilson 0002,1
rajesh batra,1
raj shekhar,1
rainer wegenkittl,1
raimund dachselt,1
ragini rathore,1
rafael veras,1
rachel shadoan,1
raanan fattal,1
r. victor klassen,1
r. r. springmeyer,1
r. mark adams,1
r. jordan crouser,1
wei-hsien hsu,1
quentin e. dolecek,1
quang vinh nguyen,1
yedendra babu shrinivasan,1
ralf p. botchen,1
ralph brecheisen,1
yea-seul kim,1
yating lin,1
rhazes spell,1
renato pajarola,1
renata g. raidou,1
yating wei,1
ye zhao,1
reinhard klein,1
ramesh raskar,1
rebecca faust,1
ray j. meyers,1
raphael fuchs,1
randall m. rohrer,1
ramik sadana,1
rami hietala,1
roxana bujack,1
roy van pelt,1
yang liu 0136,1
sean ziegeler,1
shouxing xiang,1
shivaraj tenginakai,1
shiqing he,1
shenghui cheng,1
shengdong zhao,1
shehzad afzal,1
sheelagh carpendale,1
shayan monadjemi,1
xuexiang xie,1
shao-chiung lu,1
shamal al-dohuki,1
sergej stoppel,1
sepideh chakaveh,1
sebastian mazza,1
sebastian grottel,1
shuai chen 0001,1
shuainan ye,1
shunan guo,1
siwei fu,1
xiaotong liu,1
xin zhao 0015,1
xinhuan shu,1
song zhang 0004,1
song han,1
sohaib ghani,1
simon stusak,1
shyh-kuang ueng,1
simon stegmaier,1
xinran hu,1
simon schröder,1
xiting wang,1
silvia born,1
sidney w. wang,1
sebastian bremm,1
sean williams,1
rudolf netzel,1
sean m. smith,1
saeed boorboor,1
sabrina bresciani,1
yafeng lu,1
sabine iserhardt-bauer,1
sabin devkota,1
saad nadeem,1
yair kurzion,1
s. tyson,1
s. k. law,1
s. jeromy carrière,1
ryan eccles,1
russell m. taylor ii,1
runzhen huang,1
yan ke,1
ruigang yang,1
sameep mehta,1
samer s. barakat,1
sami khoury,1
sarkis halladjian,1
sean m. arietta,1
sean kandel,1
scott nations,1
scott e. parker,1
scott e. dillard,1
scott barlowe,1
sarang lakare,1
samuel gerber,1
sara di bartolomeo,1
sanjini jayaraman,1
sanghun park,1
sandeep kochhar,1
yael albo,1
samuel gratzl,1
ling xiao,1
a. j. fenlon,1
lihua hao,1
daniel r. bekins,1
connor gramazio,1
conglei shi,1
colin r. f. monks,1
cláudio t. silva,1
clifford beshers,1
clemens arbesser,1
claurissa tuttle,1
claes lundström,1
cindy xiong,1
chunyao qian,1
chuan-kai yang,1
chuan bu,1
christopher s. co,1
christopher p. kappe,1
christopher koehler,1
christopher g. healey,1
christopher decoro,1
corinna vehlow,1
cristian felix,1
cristina r. ceja,1
daniel acevedo feliz,1
daniel orban,1
daniel jönsson,1
daniel haehn,1
daniel engel,1
daniel e. laney,1
daniel c. glaser,1
daniel archambault,1
dane m. coffey,1
cristina russo dos santos,1
dan drake,1
daisuke sakurai,1
dachywan wu,1
d. song,1
d. i. abramov,1
cícero a. l. pahins,1
cydney b. nielsen,1
christopher collins 0001,1
christopher carner,1
christopher ahlberg,1
chaoli wang 0001,1
chi-chun pan,1
chhandomay mandal,1
cherilyn michaels,1
cheong s. ang,1
charles falkenberg,1
charles a. h. baker,1
charilaos papadopoulos,1
changgong zhang,1
chieh-cheng yen,1
chang ha lee,1
chandan k. reddy,1
chad jones,1
chad a. steed,1
carsten stoll,1
caroline ziemkiewicz,1
carolina nobre,1
chi-keung tang,1
chris muelder,1
christophe winkler,1
christian schulte zu berge,1
christophe viau,1
christoph lürig,1
christoph heinzl,1
christoph csallner,1
christof rezk-salama,1
christina stoiber,1
christian sigg,1
christian rössl,1
chris weigle,1
christian rieder,1
christian partl,1
christian panse,1
christian ledergerber,1
christian lauterbach,1
christian heine 0002,1
christian dick,1
daniel patel,1
daniel r. tesone,1
carla s. williams,1
daniel weiskopf,1
donald l. brittain,1
dominique brodbeck,1
dominikus baur,1
dominik moritz,1
dominik jäckle,1
dominic schneider,1
doantam phan,1
dirk j. lehmann,1
dirk bauer,1
dirk bartz,1
dirc rose,1
dilip mathew thomas,1
dieter hönigmann,1
di yang,1
di weng,1
derek xiaoyu wang,1
deok gun park 0001,1
dora kiesel,1
doris jung lin lee,1
dorit merhof,1
eirik bakke,1
elizabeth g. hetzler,1
elisa portes dos santos,1
eli t. brown,1
elena fanea,1
eleanor boyle chlan,1
elaine huynh,1
eitan grinspun,1
egemen tanin,1
douglas m. ranken,1
edward segel,1
edward clarkson,1
eduard deines,1
ed boring,1
eamonn maguire,1
duong hoang,1
dru clark,1
dennis jen,1
dennis dingen,1
del lamb,1
david burlinson,1
david koop,1
david koller,1
david groß,1
david feng 0001,1
david e. laney,1
david cline,1
david bürkle,1
david auber,1
david lloyd 0002,1
david a. rushall,1
daryl h. hepting,1
darrel palke,1
daqing xue,1
danny dorling,1
danielle albers szafir,1
daniela ushizima,1
david l. kao,1
david m. krum,1
debra dooley,1
david trimm,1
deborah silver,1
deb banerjee,1
dean f. jerding,1
davide ceneda,1
david watson,1
david w. robertson,1
david turo,1
david selassie,1
david m. weinstein,1
david schroeder,1
david s. ebert,1
david rossiter,1
david r. nadeau,1
david meirion hughes,1
david mayerich,1
david marshburn,1
carlos scheidegger,1
carl manaster,1
lichan hong,1
anton leuski,1
andreas walch,1
andreas sigfridsson,1
andreas j. lind,1
andreas hubeli,1
andreas buja,1
andrea j. s. hin,1
andrada tatu,1
ana m. cuadros,1
amit goel,1
amira chalbi,1
amir hossein hajizadeh,1
amin abbasloo,1
amel guetat,1
alvitta ottley,1
alvin j. law,1
almir olivette artero,1
allen r. sanderson,1
andrei c. jalba,1
andrei state,1
andrej cedilnik,1
anish chandak,1
anshul vikram pandey,1
annemieke verbraeck,1
anna vilanova,1
anna tikhonova,1
anna puig,1
anna gogolou,1
anjul tyagi,1
angus g. forbes,1
andrew h. stevens,1
angelos chatzimparmpas,1
andré neubauer 0002,1
andrzej szymczak,1
andrey krekhov,1
andrew wentzel,1
andrew s. forsberg,1
andrew mehler,1
allen r. martin,1
allen mcpherson,1
allan tuchman,1
adam b. forgang,1
aili li,1
aidan slingsby,1
ahmed saad,1
aditi majumder,1
adam perer,1
adam hunter,1
adam huang,1
abdul waheed,1
al globus,1
abdelkrim mebarki,1
aaron trott,1
aaron knoll,1
aaron e. lefohn,1
aaron barsky,1
aaditya g. landge,1
a. mankofsky,1
akhilesh camisetty,1
alan chu,1
alistair morrison,1
alexandre gillet,1
alisa neeman,1
alireza entezari,1
alice thudt,1
ali k. al-awami,1
alfred r. fuller,1
alexis pister,1
alexandru telea,1
alexandra la cruz,1
alan keahey,1
alexander wiebel,1
alexander pilhofer,1
alexander gubin,1
alex kale,1
alex endert,1
alex bigelow,1
alan m. maceachren,1
anthony j. sherbondy,1
antoni sagristà,1
can liu 0004,1
antonios somarakis,1
brent m. dennis,1
brandon lloyd,1
bram c. m. cappers,1
bradley c. lowekamp,1
boyan zheng,1
bowen yu 0004,1
botong qu,1
boris yamrom,1
boris rabinovich,1
bo ma 0002,1
bjørn heckel,1
biswaksen patnaik,1
bireswar laha,1
bing wang 0007,1
bilkis j. ferdosi,1
bilal alsallakh,1
beth yost,1
bret jackson,1
brian corrie,1
brian k. christensen,1
c. a. burton,1
camilla forsell,1
caixia zhang,1
caitlyn m. mccoleman,1
cagatay turkay,1
c. thornborrow,1
c. s. jones,1
c. charles law,1
byeonghun lee,1
brian m. tomaszewski,1
byeong-seok shin,1
bum chul kwon,1
bryan mehta,1
bryan mcdonnel,1
bruno lévy,1
bruce lucas,1
brittany kondo,1
bernice e. rogowitz,1
bernd hentschel 0001,1
benjamin schindler,1
arno krüger,1
ashok jallepalli,1
ashley suh,1
arvind satyanarayan,1
arthur e. mynett,1
arthur d. gregory,1
artem konev,1
artem amirkhanov,1
armin kanitsar,1
atul rungta,1
arlind nocaj,1
arjun choudhry,1
aritra dasgupta,1
ariel shamir,1
aoyu wu,1
anzu hakone,1
anya samak,1
attila gyulassy,1
augusto román,1
benjamin mora,1
behzad sajadi,1
benjamin köhler 0001,1
benjamin karer,1
benjamin höferlin,1
benjamin f. gregorski,1
ben jacobsen,1
bela soni,1
bei wang 0001,1
bastian rieck,1
aurélie cohé,1
bartosz von rymon-lipinski,1
bart moberts,1
barry g. becker,1
baldwin nsonga,1
ayellet tal,1
axel friedrich,1
avin pattath,1
elizabeth m. wenzel,1
emanuel zgraggen,1
emanuele santos,1
josé matute,1
john g. hagedorn,1
john c. hart,1
john biddiscombe,1
john alexis guerra gómez,1
johannes weissenböck,1
johannes sorger,1
johannes schmidt-ehrenberg,1
johannes landstorfer,1
johannes kehrer,1
johannes fuchs 0001,1
johanna schmidt,1
johanna fulda,1
johanna e. van der heyden,1
johanna beyer,1
joel daniels ii,1
joel a. ferstay,1
jochen görtler,1
john m. schreiner,1
john peter lee,1
john r. wright,1
jorge a. wagner filho,1
joseph f. derose,1
joseph a. cottam,1
jose gustavo paiva,1
jose de corral,1
jorik blaas,1
jorge poco,1
jorge luis williams,1
jonathas costa,1
john s. rowlan,1
jonathan zong,1
jonathan woodring,1
jonathan konieczny,1
jonathan d. cohen 0001,1
johnson chuang,1
johnny rodgers,1
john sharko,1
joachim georgii,1
jinzhu gao,1
jinwook seo,1
jean-françois im,1
jens c. trapp,1
jennifer rogers,1
jeffrey leblanc,1
jeffrey l. korn,1
jeffrey ho,1
jeffrey heer,1
jeffrey brainerd,1
jean sreng,1
jens h. krüger,1
jayesh govindarajan,1
jay koven,1
jason freund,1
jason d. walter,1
jason cantarella,1
jason bryan,1
jarry h. t. claessen,1
jens g. magnus,1
jens kasten,1
jimmy johansson,1
jiang zhang 0002,1
jim durbin,1
jie li 0006,1
jibonananda sanyal,1
jiayun fu,1
jiawei zhang 0003,1
jianyun chai,1
jianning wang,1
jianbo peng,1
jens schneider,1
jian zhang 0006,1
jiacheng pan,1
ji soo yi,1
jesus j. caban,1
jerry alan fails,1
jeremy j. loomis,1
jeremy boy,1
josh grant,1
joyce ma,1
emmanuel frécon,1
jules vidal,1
kyle wm. hall,1
kyle koh,1
kurt severance,1
kuno kurzhals,1
kui wu 0003,1
krzysztof niski,1
kristína zákopcanová,1
kristina santilli,1
krishna chaitanya gurijala,1
kresimir matkovic,1
a. johannes pretorius,1
kirk riley,1
kirk l. duffin,1
khaled a. al-thelaya,1
kevin kreeger,1
ketan mehta,1
keshav dasu,1
l. r. seidenberg,1
lace m. k. padilla,1
lars grammel,1
lawrence roy,1
lexing ying,1
lewis w. f. li,1
leslie keely,1
leonid zhukov,1
leland wilkinson,1
lee byron,1
le liu 0007,1
lawrence j. rosenblum,1
lars huettenberger,1
lawrence d. bergman,1
laurent saroul,1
laurent balmelli,1
lauren bradel,1
laura fritz,1
lars linsen,1
lars kuehne,1
kerry rodden,1
kenneth weiss 0001,1
kenneth w. waters,1
junpeng wang,1
jürgen döllner,1
jörn schneidewind,1
jörg-stefan praßni,1
jérémie allard,1
justin jang,1
jurriaan d. mulder,1
juraj pálenik,1
junghoon chae,1
jürgen waser,1
julien tierny,1
julie yang-peláez,1
julie c. xia,1
julian stahnke,1
julian kreiser,1
julian heinrich,1
julia ebling,1
jürgen p. schulze,1
ka-ping yee,1
kenneth r. allendoerfer,1
katarína furmanová,1
kenneth p. hinkley,1
kenneth l. summers,1
kecheng lu,1
katy williams,1
kathleen s. bonnell,1
katherine e. isaacs,1
katerina vrotsou,1
kasper dinkla,1
kai bürger,1
karl bladin,1
karen g. bemis,1
karel j. zuiderveld,1
kaoji xu,1
kanit wongsuphasawat,1
kang shi,1
kaichi zhou,1
janko dietzsch,1
jan zahálka,1
jan reininghaus,1
jan kretschmer,1
gevorg grigoryan,1
gerard lommerse,1
geraldine e. rosario,1
gerald l. lohse,1
georgios sakas,1
georg zotti,1
geoffrey m. draper,1
gene golovchinsky,1
gareth daniel,1
gabriel ryan,1
gabriel mistelbauer,1
g. david kerlick,1
g. celniker,1
furui cheng,1
fritz lekschas,1
frederik l. dennig,1
fred hohman,1
ghulam jilani quadri,1
giovane r. kuhn,1
gitta domik,1
gregory l. schussman,1
guodao sun,1
guo-shi li,1
gunther h. weber,1
gunnar läthén,1
guillaume favelier,1
guangyu zou,1
guang-zhong yang,1
gregory cipriano,1
gokul varadhan,1
gregorio palmas,1
gregor schlosser,1
greg ross,1
greg humphreys,1
gosia migut,1
gordon v. bancroft,1
gordon l. kindlmann,1
franz sauer,1
frank van ham,1
frank suits,1
erwin keeve,1
fabio miranda 0001,1
fabian sperrle,1
fabian bendix,1
ezekiel s. bhasker,1
evanthia dimara,1
eun ju nam,1
eugene zhang,1
ernst kleiberg,1
fan-yin tzeng,1
erik sundén,1
eric shaffer,1
eric luke,1
eric lamar,1
eric c. alexander,1
eric a. wernert,1
enrico bertini,1
fakir s. nooruddin,1
fearn bishop,1
frank michel 0001,1
florian ferstl,1
frank j. post,1
frank grave,1
frank enders,1
francine evans,1
florian mansmann,1
florian lindemann,1
florian heimerl,1
firdaus janoos,1
fei wang 0016,1
filip dabek,1
fernando vega higuera,1
fernando grinstein,1
feng qiu,1
feng dong,1
felix raith,1
felipe s. l. g. duarte,1
guozheng li 0002,1
gustavo mello machado,1
guy albertelli,1
isaac brewer,1
j. burnetti,1
ivan viola,1
ivan kolesár,1
issac j. trotts,1
ismail demir,1
ishwar kulkarni,1
isaac cho,1
irene baeza rojo,1
j. mcleod,1
ingrid hotz,1
ingmar bitter,1
ievgeniia gutenko,1
ian g. angus,1
i. ari sadarjoen,1
hyungsuk choi,1
hui zhang 0027,1
j. l. pajon,1
jackie assa,1
hrvoje ribicic,1
james t. kaba,1
jan fischer,1
jan byska,1
jameson miller,1
james wexler,1
james w. durkin,1
james v. miller,1
james t. klosowski,1
james slack,1
jaegul choo,1
james r. eagan,1
james p. ahrens,1
james helman,1
james agutter,1
james a. wise,1
jakob jakob,1
jagoda walny,1
hualin zhou,1
houda lamqaddam,1
gábor domokos,1
haitao zhang,1
harald garcke,1
hans-heino ehricke,1
hans drevermann,1
hannah pileggi,1
hank childs,1
haneen mohammed,1
han chen,1
haipeng zeng,1
hariharan subramonyam,1
haidong chen,1
haichao miao,1
hai tao,1
haeyong chung,1
h. w. park,1
h. videau,1
h. f. mayer,1
harald obermaier,1
harinarayan krishnan,1
hossam sharara,1
henrik weimer,1
horst k. hahn,1
hongsen liao,1
hong ma,1
hoi ying tsang,1
ho van quan,1
hidekazu shiozawa,1
heungseok park,1
henrik buchholz,1
haris mumtaz,1
henk huitema,1
hendrik strobelt,1
helen h. hu,1
heather lipford,1
he liu,1
hayeong song,1
hartmut ziegler,1
ángel alexander cabrera,1