Supervisee,Supervisor,DOI
a. j. fenlon,j. p. r. b. walton,1
a. johannes pretorius,jarke j. van wijk,1
a. mankofsky,d. kamins,1
aaditya g. landge,valerio pascucci,1
aaron barsky,robert kincaid,1
aaron e. lefohn,ross t. whitaker,1
aaron knoll,hans hagen,1
aaron trott,john mcginley,1
abdelkrim mebarki,olivier devillers,1
abdul waheed,diane t. rover,1
abish malik,david s. ebert,2
abish malik,whitney huang,1
adam b. forgang,carl f. cerco,1
adam huang,ronald m. summers,1
adam hunter,jonathan d. cohen 0001,1
adam perer,ben shneiderman,1
aditi majumder,greg welch,1
ahmed saad,torsten möller,1
aidan slingsby,jo wood,1
aidong lu,charles d. hansen,1
aidong lu,david s. ebert,1
aili li,thomas ernst 0001,1
akhilesh camisetty,david koop,1
al globus,t. lasinski,1
alan chu,pheng-ann heng,1
alan keahey,edward l. robertson,2
alan m. maceachren,linda pickle,1
alark joshi,penny rheingans,1
alark joshi,xenophon papademetris,2
alethea bair,colin ware,1
alethea bair,donald h. house,1
alex bigelow,miriah d. meyer,1
alex endert,chris north 0001,2
alex kale,jessica hullman,2
alex t. pang,kyle smith,1
alex t. pang,naim alper,1
alexander gubin,larry brumbaugh,1
alexander kumpf,marc rautenhaus,1
alexander kumpf,rüdiger westermann,1
alexander lex,dieter schmalstieg,2
alexander lex,hanspeter pfister,1
alexander pilhofer,antony unwin,1
alexander wiebel,gerik scheuermann,2
alexandra la cruz,dominik fleischmann,1
alexandre gillet,arthur j. olson,1
alexandru telea,jarke j. van wijk,1
alexis pister,paola valdivia,1
alfred r. fuller,bernd hamann,1
ali k. al-awami,markus hadwiger,2
alice thudt,sheelagh carpendale,1
alireza entezari,torsten möller,2
alisa neeman,alex t. pang,1
alistair morrison,matthew chalmers,2
allan tuchman,george cybenko,1
allen mcpherson,mathew maltrud,1
allen r. martin,matthew o. ward,1
allen r. sanderson,robert michael kirby,1
almir olivette artero,haim levkowitz,1
alper sarikaya,danyel fisher,1
alper sarikaya,michael gleicher,1
alvin j. law,aditi majumder,1
alvitta ottley,remco chang,1
amel guetat,jean-michel dischler,1
amin abbasloo,thomas schultz 0001,1
amir hossein hajizadeh,rock leung,1
amira chalbi,fanny chevalier,1
amit goel,layne t. watson,1
amitabh varshney,dinesh manocha,1
amitabh varshney,frederick p. brooks jr.,1
ana m. cuadros,guilherme p. telles,1
andrada tatu,daniel a. keim,1
andrea batch,kim marriott,1
andrea batch,niklas elmqvist,1
andrea j. s. hin,frits h. post,1
andreas buja,werner stuetzle,1
andreas hubeli,markus h. gross,2
andreas j. lind,stefan bruckner,1
andreas sigfridsson,lars wigström,1
andreas walch,theresia gschwandtner,1
andrei c. jalba,jos b. t. m. roerdink,1
andrei state,henry fuchs,1
andrej cedilnik,penny rheingans,1
andrew h. stevens,colin ware,1
andrew mehler,steven skiena,1
andrew s. forsberg,jonathan l. elion,1
andrew wentzel,g. elisabeta marai,1
andrey krekhov,jens h. krüger,2
andrzej szymczak,james vanderhyde,1
andré neubauer 0002,katja bühler,1
angelos chatzimparmpas,andreas kerren,1
angus g. forbes,george legrady,1
anish chandak,dinesh manocha,1
anjul tyagi,klaus mueller,1
anna gogolou,anastasia bezerianos,1
anna puig,isabel navazo,1
anna tikhonova,kwan-liu ma,1
anna vilanova,m. eduard gröller,1
annemieke verbraeck,elmar eisemann,1
anshul vikram pandey,enrico bertini,1
anthony j. sherbondy,sandy napel,1
anton l. fuhrmann,dieter schmalstieg,1
anton l. fuhrmann,m. eduard gröller,1
anton leuski,james allan,1
antoni sagristà,filip sadlo,2
antonios somarakis,thomas höllt,1
anya samak,david s. ebert,1
anzu hakone,remco chang,1
aoyu wu,huamin qu,1
ariel shamir,valerio pascucci,1
aritra dasgupta,robert kosara,2
arjun choudhry,niklas elmqvist,1
arjun srinivasan,john t. stasko,2
arjun srinivasan,rahul c. basole,1
arlind nocaj,ulrik brandes,1
armin kanitsar,m. eduard gröller,4
arno krüger,bernhard preim,1
artem amirkhanov,m. eduard gröller,2
artem konev,m. eduard gröller,1
arthur d. gregory,dinesh manocha,1
arthur e. mynett,a. j. s. hin,1
arthur van goethem,bettina speckmann,1
arthur van goethem,jo wood,1
arvind satyanarayan,jeffrey heer,2
ashley suh,paul a. rosen,1
ashok jallepalli,robert michael kirby,1
attila gyulassy,bernd hamann,3
atul rungta,valerio pascucci,1
augusto román,marc levoy,1
aurélie cohé,eric lecolinet,1
avin pattath,edward j. coyle,1
axel friedrich,markus schmies,1
ayan biswas,han-wei shen,1
ayan biswas,jonathan woodring,1
ayellet tal,david p. dobkin,1
bahador saket,alex endert,1
bahador saket,katy börner,1
baldwin nsonga,jochen fröhlich,1
baoquan chen,arie e. kaufman,2
baoquan chen,minh xuan nguye,1
barry g. becker,david a. lane,1
bart moberts,jarke j. van wijk,1
bartosz von rymon-lipinski,erwin keeve,1
basak alper,angus g. forbes,1
basak alper,mary czerwinski,1
bastian rieck,heike leitte,1
behzad sajadi,aditi majumder,2
bei wang 0001,mikael vejdemo-johansson,1
bela soni,raghu machiraju,1
ben jacobsen,martin nöllenburg,1
benjamin f. gregorski,kenneth i. joy,1
benjamin höferlin,gunther heidemann,1
benjamin karer,dirk j. lehmann,1
benjamin köhler 0001,bernhard preim,1
benjamin mora,rené caubet,1
benjamin schindler,ronald peikert,2
bernd hentschel 0001,torsten w. kuhlen,1
bernice e. rogowitz,lloyd treinish,1
beth yost,chris north 0001,1
bilal alsallakh,m. eduard gröller,1
bilkis j. ferdosi,jos b. t. m. roerdink,1
bing wang 0007,klaus mueller,1
bireswar laha,john j. socha,1
biswaksen patnaik,niklas elmqvist,1
bjørn heckel,kenneth i. joy,1
bo ma 0002,alireza entezari,1
boonthanome nouanesengsy,han-wei shen,1
boonthanome nouanesengsy,veronica j. vieland,1
boris rabinovich,craig gotsman,1
boris yamrom,andrew p. woodfield,1
botong qu,eugene zhang,1
bowen yu 0004,cláudio t. silva,2
boyan zheng,filip sadlo,1
bradley c. lowekamp,terry s. yoo,1
bram c. m. cappers,jarke j. van wijk,1
brandon lloyd,parris k. egbert,1
brent m. dennis,christopher g. healey,1
bret jackson,daniel f. keefe,1
brian corrie,paul mackerras,1
brian k. christensen,lisa m. desjarlais,1
brian m. tomaszewski,alan m. maceachren,1
brittany kondo,christopher collins 0001,1
bruce lucas,kevin p. mcauliffe,1
bruno jobard,m. yousuff hussaini,2
bruno jobard,wilfrid lefer,1
bruno lévy,xavier cavin,1
bryan mcdonnel,niklas elmqvist,1
bryan mehta,raghu machiraju,1
bum chul kwon,ji soo yi,1
byeong-seok shin,yeong-gil shin,1
byeonghun lee,bo hyoung kim,1
c. a. burton,e. a. sonenberg,1
c. charles law,joshua temkin,1
c. s. jones,j. a. baca,1
c. thornborrow,chris faigle,1
cagatay turkay,helwig hauser,2
caitlyn m. mccoleman,steven franconeri,1
caixia zhang,roger crawfis,1
camilla forsell,mats lind,1
can liu 0004,xiaoru yuan,1
carl manaster,phillip a. morin,1
carla s. williams,c. hansen,1
carlos d. correa,deborah silver,1
carlos d. correa,mi chen,1
carlos d. correa,min chen 0001,1
carlos scheidegger,cláudio t. silva,2
carolina nobre,alexander lex,1
caroline ziemkiewicz,robert kosara,2
carsten stoll,hans-peter seidel,1
chad a. steed,patrick j. fitzpatrick,1
chad jones,kwan-liu ma,1
chandan k. reddy,tin kam ho,1
chang ha lee,amitabh varshney,1
changgong zhang,anna vilanova,1
chaoli wang 0001,han-wei shen,1
charilaos papadopoulos,arie e. kaufman,1
charles a. h. baker,michael g. surette,1
charles d. stolper,david gotz,1
charles d. stolper,duen horng chau,1
charles falkenberg,ravi kulkarni,1
charles perin,jean-daniel fekete,2
charles perin,sheelagh carpendale,1
cheong s. ang,michael d. doyle,1
cherilyn michaels,michael j. bailey,1
chhandomay mandal,baba c. vemuri,1
chi-chun pan,prasenjit mitra,1
chi-keung tang,gérard g. medioni,1
chieh-cheng yen,robert e. marshall,1
chris bryan,jonathan woodring,1
chris bryan,kwan-liu ma,1
chris bryan,marta farre,1
chris muelder,kwan-liu ma,2
chris stolte,mendel rosenblum,1
chris stolte,pat hanrahan,2
chris weigle,david c. banks,1
christian dick,rüdiger westermann,2
christian heine 0002,peter f. stadler,1
christian lauterbach,dinesh manocha,1
christian ledergerber,hanspeter pfister,1
christian panse,stephen c. north,1
christian partl,dieter schmalstieg,1
christian rieder,horst k. hahn,1
christian rössl,hans-peter seidel,1
christian schulte zu berge,nassir navab,2
christian sigg,markus h. gross,1
christina stoiber,marc streit,1
christof rezk-salama,thomas ertl,1
christoph csallner,john t. stasko,1
christoph garth,gerik scheuermann,1
christoph garth,hans hagen,1
christoph garth,kenneth i. joy,1
christoph heinzl,m. eduard gröller,1
christoph lürig,thomas ertl,1
christophe hurter,ozan ersoy,1
christophe hurter,stéphane conversy,1
christophe viau,igor jurisica,1
christophe winkler,jean-claude paul,1
christopher ahlberg,erik wistrand,1
christopher carner,hong qin,1
christopher collins 0001,sheelagh carpendale,1
christopher decoro,renato pajarola,1
christopher g. healey,james t. enns,1
christopher koehler,zachary gaston,1
christopher olston,allison woodruff,1
christopher olston,jock d. mackinlay,1
christopher p. kappe,heike leitte,1
christopher s. co,kenneth i. joy,1
chuan bu,yunhai wang,1
chuan-kai yang,tzi-cker chiueh,1
chunyao qian,dongmei zhang,1
cindy xiong,steven franconeri,2
claes lundström,anders ynnerman,1
claurissa tuttle,cláudio t. silva,1
clemens arbesser,harald piringer,1
clifford beshers,steven k. feiner,1
cláudio t. silva,arie e. kaufman,2
colin r. f. monks,brian n. wylie,1
cong xie,jing yang,1
cong xie,klaus mueller,1
conglei shi,huamin qu,2
connor gramazio,david h. laidlaw,1
corinna vehlow,daniel weiskopf,1
cristian felix,enrico bertini,2
cristina r. ceja,steven franconeri,1
cristina russo dos santos,j. p. paris,1
cydney b. nielsen,steven j. m. jones,1
cícero a. l. pahins,joão luiz dihl comba,1
d. i. abramov,w. renz,1
d. song,eric j. golin,1
dachywan wu,thom grace,1
daisuke sakurai,shigeo takahashi,1
dan drake,penny rheingans,1
dane m. coffey,daniel f. keefe,1
daniel a. keim,hans-peter kriegel,1
daniel a. keim,thomas seidl 0001,1
daniel a. keim,vincent y. lum,1
daniel acevedo feliz,martha sharp joukowsky,1
daniel archambault,david auber,1
daniel c. glaser,ellen yi-luen do,1
daniel e. laney,randall frank,1
daniel engel,hans hagen,1
daniel haehn,hanspeter pfister,1
daniel jönsson,anders ynnerman,3
daniel orban,david h. rogers,1
daniel patel,m. eduard gröller,1
daniel r. bekins,daniel g. aliaga,1
daniel r. tesone,john r. goodall,1
daniel weiskopf,hanns ruder,1
daniela oelke,daniel a. keim,1
daniela oelke,guy danon,1
daniela oelke,halldór janetzko,1
daniela ushizima,e. wes bethel,1
danielle albers szafir,michael gleicher,1
danny dorling,mark newman,1
daqing xue,roger crawfis,1
darrel palke,eugene zhang,1
daryl h. hepting,robert d. russell,1
david a. rushall,marc r. ilgen,1
david akers,brian a. wandell,1
david akers,pat hanrahan,1
david auber,guy melançon,1
david burlinson,paula goolkasian,1
david bürkle,martin rumpf,1
david c. banks,bart a. singer,1
david c. banks,jonathan barlow,1
david c. banks,ming-hoe kiu,1
david cline,parris k. egbert,1
david e. laney,valerio pascucci,1
david feng 0001,russell m. taylor ii,1
david groß,stefan gumhold,1
david koller,gregory a. turner,1
david koop,cláudio t. silva,1
david l. kao,alex t. pang,1
david lloyd 0002,jason dykes,1
david m. krum,larry f. hodges,1
david m. weinstein,eric c. lundberg,1
david marshburn,richard superfine,1
david mayerich,john keyser,1
david meirion hughes,ik soo lim,1
david n. kenwright,david a. lane,1
david n. kenwright,gordon d. mallison,1
david r. nadeau,michael j. bailey,2
david rossiter,wai-yin ng,1
david s. ebert,yair kurzion,1
david schroeder,daniel f. keefe,1
david selassie,jeffrey heer,1
david trimm,marie desjardins,1
david turo,b. johnson,1
david w. robertson,brian l. tieney,1
david watson,bri m. collins,1
davide ceneda,christian tominski,1
dean f. jerding,john t. stasko,1
deb banerjee,wayne smith,1
deborah silver,norman j. zabusky,1
debra dooley,michael f. cohen,1
del lamb,amit bandopadhay,1
dennis dingen,jarke j. van wijk,1
dennis jen,richard weinberg,1
deok gun park 0001,niklas elmqvist,1
derek xiaoyu wang,william ribarsky,1
di weng,yingcai wu,2
di yang,matthew o. ward,1
dieter hönigmann,christoph haider,1
dilip mathew thomas,vijay natarajan,3
dirc rose,thomas ertl,1
dirk bartz,dorothea welte,1
dirk bauer,mirjam sick,1
dirk j. lehmann,holger theisel,2
doantam phan,terry winograd,1
dominic schneider,gerik scheuermann,1
dominik jäckle,daniel a. keim,1
dominik moritz,jeffrey heer,1
dominik sacha,daniel a. keim,4
dominik sacha,min chen 0001,1
dominikus baur,sebastian boring,1
dominique brodbeck,pamela cotture,1
donald l. brittain,sue-ling c. wang,1
donghao ren,jason d. williams,1
donghao ren,xiaoru yuan,1
dora kiesel,bernd fröhlich 0001,1
doris jung lin lee,aditya g. parameswaran,1
dorit merhof,günther greiner,1
douglas m. ranken,john s. george,1
douglass davis,sean ho,1
douglass davis,tian-yue jiang,1
dru clark,michael j. bailey,2
duong hoang,valerio pascucci,2
dylan cashman,hendrik strobelt,1
dylan cashman,remco chang,1
eamonn maguire,min chen 0001,2
ed boring,alex t. pang,2
ed h. chi,john riedl,2
ed h. chi,joseph a. konstan,1
ed h. chi,phillip barry,1
ed h. chi,stuart k. card,1
eduard deines,gregory m. nielson,1
edward clarkson,james d. foley,1
edward segel,jeffrey heer,1
egemen tanin,ben shneiderman,1
eirik bakke,rob miller 0001,1
eitan grinspun,peter schröder,1
elaine huynh,fanny chevalier,1
eleanor boyle chlan,penny rheingans,1
elena fanea,tobias isenberg 0001,1
eli t. brown,remco chang,2
elisa portes dos santos,mario costa sousa,1
elizabeth g. hetzler,james j. thomas,1
elizabeth m. wenzel,scott h. foster,1
emanuel zgraggen,steven mark drucker,1
emanuele santos,cláudio t. silva,1
emily wall,alex endert,2
emily wall,john t. stasko,1
emmanuel frécon,gareth smith,1
enrico bertini,denis lalanne,1
eric a. wernert,andrew j. hanson,1
eric b. lum,john p. clyne,1
eric b. lum,kwan-liu ma,2
eric c. alexander,michael gleicher,2
eric lamar,kenneth i. joy,1
eric luke,charles d. hansen,1
eric shaffer,michael garland,1
erik sundén,timo ropinski,1
ernst kleiberg,jarke j. van wijk,1
erwin keeve,bernd girod,1
eugene zhang,greg turk,1
eun ju nam,dan imre,1
evanthia dimara,pierre dragicevic,1
ezekiel s. bhasker,aditi majumder,2
fabian bendix,helwig hauser,1
fabian sperrle,mennatallah el-assady,1
fabio miranda 0001,cláudio t. silva,1
fakir s. nooruddin,greg turk,1
fan-yin tzeng,kwan-liu ma,2
fearn bishop,uta hinrichs,1
fei wang 0016,hujun bao,1
felipe s. l. g. duarte,fernando vieira paulovich,1
felix raith,gerik scheuermann,1
feng dong,meleagros a. krokos,1
feng qiu,klaus mueller,2
fernando grinstein,gopal patnaik,1
fernando vega higuera,günther greiner,1
fernando vieira paulovich,luis gustavo nonato,1
fernando vieira paulovich,rosane minghim,1
filip dabek,jesus j. caban,1
filip sadlo,etienne parkinson,1
filip sadlo,mirjam sick,1
filip sadlo,ronald peikert,1
firdaus janoos,richard e. parent,1
florian ferstl,rüdiger westermann,1
florian heimerl,thomas ertl,3
florian lindemann,timo ropinski,1
florian mansmann,daniel sheleheda,1
francine evans,amitabh varshney,1
frank enders,marc stamminger,1
frank grave,michael buser,1
frank j. post,deborah silver,1
frank michel 0001,hans hagen,1
frank suits,gérard lecina,1
frank van ham,jarke j. van wijk,3
franz sauer,kwan-liu ma,1
fred hohman,duen horng chau,1
frederik l. dennig,michael behrisch 0001,1
fritz lekschas,hanspeter pfister,1
furui cheng,huamin qu,1
g. celniker,j. moorman,1
g. david kerlick,e. kirby,1
gabriel mistelbauer,m. eduard gröller,1
gabriel ryan,eugene wu 0002,1
gareth daniel,min chen 0001,1
gene golovchinsky,thomas kamps,1
geoffrey m. draper,richard f. riesenfeld,1
georg zotti,m. eduard gröller,1
georgios sakas,j. hartig,1
gerald l. lohse,neff walker,1
geraldine e. rosario,matthew o. ward,1
gerard lommerse,alexandru telea,1
gerik scheuermann,alyn p. rockwood,1
gerik scheuermann,hans hagen,2
gerik scheuermann,wolfgang kollmann,1
gevorg grigoryan,penny rheingans,1
ghulam jilani quadri,paul rosen,1
gill barequet,ayellet tal,1
gill barequet,subodh kumar 0001,1
giovane r. kuhn,leandro a. f. fernandes,1
gitta domik,bernd gutkauf,1
gokul varadhan,dinesh manocha,2
gordon l. kindlmann,david m. weinstein,1
gordon v. bancroft,al globus,1
gosia migut,marcel worring,2
greg humphreys,pat hanrahan,1
greg ross,matthew chalmers,1
gregor schlosser,hans-peter seidel,1
gregorio palmas,tino weinkauf,1
gregory cipriano,michael gleicher,3
gregory l. schussman,todd evans,1
gromit yeuk-yin chan,cláudio t. silva,1
gromit yeuk-yin chan,ren liu,1
guang-zhong yang,raad mohiaddin,1
guangfeng ji,han-wei shen,1
guangfeng ji,rephael wenger,1
guangyu zou,ming dong 0001,1
guillaume favelier,julien tierny,1
gunnar läthén,magnus borga,1
gunther h. weber,bernd hamann,1
guo-shi li,han-wei shen,1
guodao sun,ronghua liang,1
guozheng li 0002,xiaoru yuan,1
gustavo mello machado,leandro a. f. fernandes,1
guy albertelli,roger crawfis,1
gábor domokos,randy c. paffenroth,1
h. f. mayer,b. tabatabai,1
h. videau,p. mora de freitas,1
h. w. park,t. alexander,1
hadley wickham,andreas buja,1
hadley wickham,heike hofmann,1
haeyong chung,chris north 0001,1
hai tao,robert j. moorhead ii,1
haichao miao,ivan viola,1
haidong chen,kwan-liu ma,1
haipeng zeng,huamin qu,1
haitao zhang,arie e. kaufman,1
hamish a. carr,jack snoeyink,1
hamish a. carr,michiel van de panne,1
han chen,kai li 0001,1
han-wei shen,christopher r. johnson 0001,3
han-wei shen,david l. kao,1
haneen mohammed,markus hadwiger,1
hank childs,nelson l. max,1
hannah pileggi,john t. stasko,1
hanqi guo 0001,jingshan pan,1
hanqi guo 0001,xiaomin zhu,1
hanqi guo 0001,xiaoru yuan,1
hans drevermann,b. nilsson,1
hans-georg pagendarm,birgit walter,1
hans-georg pagendarm,thomas gerhold,1
hans-heino ehricke,wolfgang straßer,1
harald garcke,jarke j. van wijk,1
harald obermaier,kenneth i. joy,1
hariharan subramonyam,eytan adar,1
harinarayan krishnan,kenneth i. joy,1
haris mumtaz,daniel weiskopf,1
hartmut ziegler,daniel a. keim,1
hayeong song,danielle albers szafir,1
he liu,lionel m. ni,1
heather lipford,remco chang,1
heidi lam,robert kincaid,1
heidi lam,tamara munzner,1
heike leitte,gerik scheuermann,2
heike leitte,wolfgang kollmann,1
helen h. hu,peter shirley,1
helwig hauser,helmut doleisch,1
helwig hauser,m. eduard gröller,1
hendrik strobelt,oliver deussen,1
henk huitema,robert van liere,1
henrik buchholz,jürgen döllner,1
henrik weimer,john shrout,1
heungseok park,jaegul choo,1
hidekazu shiozawa,yutaka matsushita,1
ho van quan,mikael jern,1
hoi ying tsang,colin swindells,1
hong ma,eric a. stern,1
hongsen liao,wei chen 0001,1
horst k. hahn,heinz-otto peitgen,1
hossam sharara,lisa singh,1
houda lamqaddam,katrien verbert,1
hrvoje ribicic,m. eduard gröller,1
hualin zhou,michael f. webster,1
huamin qu,ankush kumar,1
huamin qu,arie e. kaufman,1
hui xie 0001,arie e. kaufman,1
hui xie 0001,hong qin,1
hui zhang 0027,wenping wang,1
hyungsuk choi,won-ki jeong,1
i. ari sadarjoen,hans-georg pagendarm,1
ian g. angus,henry sowizral,1
ievgeniia gutenko,matthew a. barish,1
ingmar bitter,ming wan,1
ingrid hotz,hans hagen,1
irene baeza rojo,tobias günther,2
isaac brewer,george otto,1
isaac cho,william ribarsky,1
ishwar kulkarni,meenakshisundaram gopi,1
ismail demir,rüdiger westermann,1
issac j. trotts,david f. wiley,1
ivan kolesár,helwig hauser,1
ivan viola,m. eduard gröller,3
j. burnetti,d. varnadore,1
j. edward swan,roni yagel,1
j. edward swan,william smith,1
j. l. pajon,v. bui tran,1
j. mcleod,c. small,1
jackie assa,tova milo,1
jaegul choo,haesun park,2
jaemin jo,jean-daniel fekete,1
jaemin jo,jinwook seo,1
jagoda walny,philip fawcett,1
jakob jakob,tobias günther,1
james a. wise,v. crow,1
james agutter,david l. strayer,1
james helman,lambertus hesselink,1
james p. ahrens,judith winterkamp,1
james r. eagan,john t. stasko,1
james slack,tamara munzner,2
james t. kaba,pat hanrahan,1
james t. klosowski,cláudio t. silva,1
james v. miller,michael j. wozny,1
james w. durkin,john f. hughes,1
james wexler,jimbo wilson,1
jameson miller,matthew fleenor,1
jan byska,barbora kozlíková,1
jan fischer,wolfgang straßer,1
jan kretschmer,marc stamminger,2
jan reininghaus,ingrid hotz,1
jan zahálka,marcel worring,1
janko dietzsch,dirk bartz,1
jarry h. t. claessen,jarke j. van wijk,1
jason bryan,dennis sessanna,1
jason cantarella,eric j. rawdon,1
jason d. walter,christopher g. healey,1
jason d. wood,helen wright,1
jason d. wood,ken brodlie,1
jason freund,kenneth r. sloan,1
jay koven,enrico bertini,1
jayesh govindarajan,jonathan barnett,1
jean sreng,claude andriot,1
jean-françois im,rock leung,1
jeffrey brainerd,barry g. becker,1
jeffrey heer,danah boyd,1
jeffrey ho,david j. kriegman,1
jeffrey l. korn,andrew w. appel,1
jeffrey leblanc,norman wittels,1
jennifer rogers,miriah d. meyer,1
jens c. trapp,hans-georg pagendarm,1
jens g. magnus,stefan bruckner,1
jens h. krüger,rüdiger westermann,2
jens kasten,hans-christian hege,1
jens schneider,rüdiger westermann,1
jeremy boy,jean-daniel fekete,2
jeremy j. loomis,hideo ishikawa,1
jerry alan fails,ben shneiderman,1
jessica hullman,eytan adar,1
jessica hullman,nicholas diakopoulos,1
jessica hullman,priti shah,1
jesus j. caban,penny rheingans,2
ji soo yi,julie a. jacko,1
jiacheng pan,yingcai wu,1
jian zhang 0006,jiexun li,1
jian zhao 0010,christopher collins 0001,1
jian zhao 0010,michelle x. zhou,1
jian zhao 0010,ravin balakrishnan,3
jianbo peng,denis zorin,1
jiang zhang 0002,tom peterka,1
jianning wang,arie e. kaufman,1
jianyun chai,eihachiro nakamae,1
jiawei zhang 0003,david s. ebert,1
jiayun fu,xiaojing ma 0002,1
jibonananda sanyal,robert j. moorhead ii,2
jie li 0006,zhaopeng meng,1
jihad el-sana,amitabh varshney,2
jihad el-sana,cláudio t. silva,1
jim durbin,terry welsh,1
jimmy johansson,matthew cooper 0001,1
jing yang 0001,elke a. rundensteiner,3
jing yang 0001,matthew o. ward,1
jinwook seo,ben shneiderman,1
jinzhu gao,james arthur kohl,3
joachim georgii,rüdiger westermann,1
jochen görtler,oliver deussen,1
joe michael kniss,charles d. hansen,2
joe michael kniss,david s. ebert,1
joe michael kniss,emil praun,1
joel a. ferstay,tamara munzner,1
joel daniels ii,cláudio t. silva,1
johanna beyer,katja bühler,1
johanna e. van der heyden,m. stella atkins,1
johanna fulda,tamara munzner,1
johanna schmidt,stefan bruckner,2
johannes fuchs 0001,enrico bertini,1
johannes kehrer,helwig hauser,1
johannes landstorfer,reto wettach,1
johannes schmidt-ehrenberg,hans-christian hege,1
johannes sorger,harald piringer,1
johannes weissenböck,christoph heinzl,2
john alexis guerra gómez,ben shneiderman,1
john biddiscombe,david c. thompson 0001,1
john c. hart,dan sandin,1
john g. hagedorn,mark vaudin,1
john m. schreiner,cláudio t. silva,1
john peter lee,georges g. grinstein,1
john r. wright,julia c. hsieh,1
john s. rowlan,shannon bradshaw,1
john sharko,kenneth a. marx,1
johnny rodgers,lyn bartram,1
johnson chuang,torsten möller,1
jonathan d. cohen 0001,marc olano,1
jonathan konieczny,d'nardo colucci,1
jonathan woodring,han-wei shen,1
jonathan zong,arvind satyanarayan,1
jonathas costa,cláudio t. silva,1
jorge a. wagner filho,luciana porcher nedel,1
jorge luis williams,robert e. hiromoto,1
jorge poco,cláudio t. silva,2
jorik blaas,frits h. post,3
jose de corral,hanspeter pfister,1
jose gustavo paiva,rosane minghim,1
joseph a. cottam,chris weaver,1
joseph f. derose,matthew berger,1
josh grant,james f. o'brien,1
josua krause,enrico bertini,1
josua krause,harry stavropoulos,1
josé matute,lars linsen,1
joyce ma,jennifer frazier,1
jules vidal,julien tierny,1
julia ebling,gerik scheuermann,1
julian heinrich,daniel weiskopf,1
julian kreiser,timo ropinski,1
julian stahnke,andreas thom 0002,1
julie c. xia,amitabh varshney,1
julie yang-peláez,woodie flowers,1
julien tierny,valerio pascucci,1
junghoon chae,thomas ertl,1
junpeng wang,guang lin,1
juraj pálenik,helwig hauser,2
jurriaan d. mulder,jarke j. van wijk,2
justin jang,peter wonka,1
jérémie allard,bruno raffin,1
jörg-stefan praßni,klaus h. hinrichs,1
jörn schneidewind,daniel a. keim,1
jürgen döllner,klaus h. hinrichs,1
jürgen p. schulze,ulrich lang,1
jürgen waser,m. eduard gröller,2
ka-ping yee,marti a. hearst,1
kai bürger,rüdiger westermann,2
kai lawonn,klaus hildebrandt,1
kai lawonn,tobias isenberg 0001,1
kaichi zhou,peter wonka,1
kalpathi r. subramanian,bruce f. naylor,1
kalpathi r. subramanian,donald s. fussell,1
kang shi,pak ching li,1
kanit wongsuphasawat,jeffrey heer,1
kaoji xu,guoning chen,1
karel j. zuiderveld,frits h. post,1
karen g. bemis,chengwei feng,1
karl bladin,anders ynnerman,1
kasper dinkla,jarke j. van wijk,1
katarína furmanová,jan byska,1
katerina vrotsou,matthew cooper 0001,1
katherine e. isaacs,bernd hamann,1
kathleen s. bonnell,mark a. duchaineau,1
katy williams,katherine e. isaacs,1
kecheng lu,yunhai wang,1
ken museth,martin w. lo,1
ken museth,ross t. whitaker,1
ken museth,santiago v. lombeyda,1
kenneth l. summers,thomas p. caudell,1
kenneth p. hinkley,matthew o. ward,1
kenneth r. allendoerfer,chaomei chen,1
kenneth w. waters,kenneth i. joy,1
kenneth weiss 0001,leila de floriani,1
kerry rodden,kenneth r. wood,1
keshav dasu,jennifer frazier,1
ketan mehta,t. j. jankun-kelly,1
kevin kreeger,arie e. kaufman,1
kevin montgomery,david bailey,1
kevin montgomery,muriel ross,1
kevin montgomery,simon wildermuth,1
khaled a. al-thelaya,jens schneider,1
kirk l. duffin,bill barrett,1
kirk riley,jason j. levit,1
klaus engel,k. eberhardt,1
klaus engel,thomas ertl,1
klaus mueller,roger crawfis,2
klaus mueller,roni yagel,1
kresimir matkovic,m. eduard gröller,1
krishna chaitanya gurijala,arie e. kaufman,2
krist wongsuphasawat,ben shneiderman,1
krist wongsuphasawat,david gotz,1
kristina santilli,peter a. rona,1
kristína zákopcanová,barbora kozlíková,1
krzysztof niski,jonathan d. cohen 0001,1
kui wu 0003,valerio pascucci,1
kuno kurzhals,daniel weiskopf,3
kurt severance,daniel f. keefe,1
kwan-liu ma,philip j. smith,2
kwan-liu ma,z. c. zheng,1
kyle koh,jinwook seo,1
kyle wm. hall,sheelagh carpendale,1
l. r. seidenberg,j. megewick,1
lace m. k. padilla,sarah h. creem-regehr,2
lars grammel,margaret-anne d. storey,1
lars huettenberger,christoph garth,1
lars kuehne,klaus mueller,1
lars linsen,jörg bernhardt,1
laura fritz,m. eduard gröller,1
lauren bradel,scotland leman,1
laurent balmelli,fausto bernardini,1
laurent castanie,bruno lévy,1
laurent castanie,fabien bosquet,1
laurent saroul,roger d. hersch,1
lawrence d. bergman,lloyd treinish,1
lawrence j. rosenblum,ola engelsen,1
lawrence roy,eugene zhang,2
le liu 0007,donald h. house,1
lee byron,martin wattenberg,1
leland wilkinson,robert l. grossman,1
leonid zhukov,alan h. barr,2
leslie keely,samuel p. uselton,1
lewis w. f. li,rynson w. h. lau,1
lexing ying,denis zorin,1
liang gou,patricia f. anderson,1
liang gou,xiaolong zhang 0001,1
lichan hong,arie e. kaufman,2
lihua hao,steffen a. bass,1
lijie xu,han-wei shen,1
ling xiao,pat hanrahan,1
lingxiao zhao,frits h. post,1
lingyun yu,tobias isenberg 0001,1
lisa m. sobierajski,ricardo s. avila,1
lisa sobierajski avila,william j. schroeder,1
liying sun,lambertus hesselink,1
lok m. hwa,kenneth i. joy,1
lonni besançon,tobias isenberg 0001,1
lori l. scarlatos,theodosios pavlidis,2
louis bavoil,juliana freire,1
luana micallef,jean-daniel fekete,1
luc beaudoin,louis c. vroomen,1
lucian voinea,jarke j. van wijk,1
lujin wang,klaus mueller,1
lukas mroz,helwig hauser,1
lukas mroz,m. eduard gröller,1
luke j. gosink,kenneth i. joy,2
luke s. snyder,david s. ebert,1
lydia byrne,janet wiles,1
m. j. geller,b. estus,1
m. l. lantin,sheelagh carpendale,1
maarten h. everts,tobias isenberg 0001,1
madison a. elliott,danielle albers szafir,1
mahsa mirzargar,alireza entezari,1
malte zöckler,hans-christian hege,1
manfred brill,stanislav v. klimenko,1
manfred weiler,thomas ertl,2
maoyuan sun,naren ramakrishnan,2
marc alexa,cláudio t. silva,1
marc d. hansen,alex t. pang,1
marc khoury,rephael wenger,1
marc najork,marc h. brown,1
marc p. persoon,frans vos,1
marc ruiz,ivan viola,1
marc treib,rüdiger westermann,1
marc weber,wolfgang müller 0004,1
marcel gavriliu,alan h. barr,1
marcel hlawatsch,daniel weiskopf,1
marco ament,daniel weiskopf,1
marco ament,hamish a. carr,1
marco cavallo,çagatay demiralp,1
marco lanzagorta,eddy kuo,1
marco tarini,roberto scopigno,1
marek teichmann,michael v. capps,1
margaret-anne d. storey,hausi a. müller,1
maria c. velez,marilyn tremaine,1
maria luján ganuza,kresimir matkovic,1
maria m. loughlin,john f. hughes,1
maria shneerson,ayellet tal,1
maria-elena froese,kedar shrikhande,1
marian dörk,carey l. williamson,1
marian dörk,sheelagh carpendale,1
mario hlawitschka,gerik scheuermann,1
mario romero,gregory d. abowd,1
mario valle,artem r. oganov,1
marjan trutschl,urska cvek,1
mark a. christon,t. spelce,1
mark a. duchaineau,mark b. mineev-weinstein,1
mark gray,mark guzdial,1
mark pauly,leif kobbelt,1
mark s. peercy,lambertus hesselink,1
markus bögl,alexander rind,1
markus glatter,aidong lu,1
markus glatter,colin mollenhour,1
markus hadwiger,helwig hauser,1
markus höferlin,daniel weiskopf,1
markus steinberger,dieter schmalstieg,1
marlen promann,sabine brunswicker,1
marta kersten,randy e. ellis,1
martijn tennekes,edwin de jonge,1
martin fink 0001,alexander wolff 0001,2
martin haidacher,m. eduard gröller,1
martin hering-bertram,kenneth i. joy,2
martin isenburg,craig gotsman,1
martin isenburg,jack snoeyink,1
martin isenburg,pierre alliez,1
martin kraus,david s. ebert,1
martin kraus,thomas ertl,1
martin luboschik,hilko cords,1
martin roth,ronald peikert,2
martin röhlig,silvia miksch,1
martin schulz 0005,thomas ertl,1
martin suter,daniel nüesch,1
marzieh berenjkoub,guoning chen,1
maría virginia sabando,barbora kozlíková,1
matej mlejnek,m. eduard gröller,2
matej novotny,helwig hauser,1
mathias hummel,kenneth i. joy,2
matt williams,tamara munzner,1
matthew brehmer,tamara munzner,1
matthew l. parry,min chen 0001,1
matthew tobiasz,sheelagh carpendale,1
matthias hopf,thomas ertl,1
matthias kreuseler,heidrun schumann,1
matthias labschutz,peter rautek,1
matthias zwicker,markus h. gross,1
matús straka,dominik fleischmann,1
maurice termeer,eike nagel,1
maurice termeer,m. eduard gröller,1
max sondag,kevin verbeek,1
maximilian t. fischer,marcel worring,1
maximilian weiß,sven mayer,1
meenakshisundaram gopi,dinesh manocha,1
megan monroe,ben shneiderman,1
mehmet adil yalçin,benjamin b. bederson,1
mei c. chuah,john kolojejchick,1
mei c. chuah,stephen g. eick,1
mei c. chuah,steven f. roth,1
melanie tory,guang-zhong yang,1
melanie tory,m. stella atkins,1
melanie tory,torsten möller,1
mengchen liu,shimei pan,1
mengchen liu,shixia liu,2
mengdie hu,john t. stasko,1
mennatallah el-assady,christopher collins 0001,2
mennatallah el-assady,oliver deussen,1
mi feng,lane harrison,2
michael ankele,thomas schultz 0001,1
michael balzer,oliver deussen,1
michael behrisch 0001,tobias schreck,2
michael blumenschein,daniel a. keim,1
michael bostock,jeffrey heer,2
michael brasher,robert haimes,1
michael correll,michael gleicher,1
michael d. mccool,john stevens,1
michael douma,sean liu,1
michael garland,paul s. heckbert,1
michael granitzer,werner klieber,1
michael higgins,jeffrey senn,1
michael j. mcguffin,ravin balakrishnan,3
michael krone,thomas ertl,1
michael margaliot,craig gotsman,1
michael meißner,wolfgang straßer,1
michael ogawa,kwan-liu ma,1
michael oppermann,tamara munzner,1
michael schlemmer,hans hagen,1
michael sedlmair,andreas butz,1
michael sedlmair,tamara munzner,1
michael traoré,alexandru telea,1
michael zinsmaier,hendrik strobelt,1
michail schwab,hanspeter pfister,1
michail schwab,michelle borkin,1
michelle borkin,hanspeter pfister,1
michelle dowling,chris north 0001,1
michelle x. zhou,steven k. feiner,1
miguel a. otaduy,ming c. lin,2
miguel nunes,katja bühler,1
mihael ankerst,daniel a. keim,1
mihaela jarema,rüdiger westermann,1
milana huang,louis h. kauffman,1
milos krstajic,daniel a. keim,1
ming jiang 0005,david s. thompson,1
ming wan,mark wax,1
ming wan,steve bryson,1
ming-hoe kiu,david c. banks,1
ming-yuen chan,huamin qu,1
ming-yuen chan,yingcai wu,1
mingdong zhang,junhai yong,1
minsu ahn,seungyong lee 0001,1
miriah d. meyer,hanspeter pfister,2
miriah d. meyer,ross t. whitaker,1
mitchell roth,rick guritz,1
mohammad ghoniem,philippe castagliola,1
mohammad h. ghavamnia,xue d. yang,1
monica k. hurdal,david c. banks,1
monica tavanti,mats lind,1
monika büscher,peter ørbæk,1
monika hannemann,helmut sobieczky,1
monika jankun-kelly,raghu machiraju,1
monique meuschke,kai lawonn,2
moritz ehlke,stefan zachow,1
mosab khayat,arif ghafoor,1
mosab khayat,david s. ebert,1
mustafa bilgic 0001,ben shneiderman,1
nafees ahmed,klaus mueller,1
naim alper,chuck stein,1
nan cao,huamin qu,1
nan zhang 0011,arie e. kaufman,1
narges mahyar,melanie tory,2
natascha sauber,hans-peter seidel,1
nate hoobler,maneesh agrawala,1
nathalie henry riche,jean-daniel fekete,2
nathalie henry riche,michael j. mcguffin,1
nathalie henry riche,tim dwyer,1
nathalie prevost,f. david fracchia,1
nathan conklin,chris north 0001,1
nathan gossett,baoquan chen,1
nathan litke,peter schröder,1
nathaniel fout,kwan-liu ma,1
nazanin kadivar,robert f. woodbury,1
neal e. hurlburt,raoul kopelman,1
nelson wong,saul greenberg,1
nicholas kong,maneesh agrawala,1
nico pietroni,roberto scopigno,1
nicole jardine,steven franconeri,1
nicu d. cornea,patrick min,1
niklas elmqvist,philippas tsigas,2
nikolai a. svakhine,kelly p. gaither,1
nils rodrigues,daniel weiskopf,1
nils thune,bjørn olstad,1
nivan ferreira,cláudio t. silva,3
nivedita r. kadaba,jason leboe-mcgowan,1
nivedita sahasrabudhe,mark janus,1
norbert lindow,hans-christian hege,1
norman j. zabusky,deborah silver,1
octavio juarez espinosa,james h. garrett jr.,1
ofri sadowsky,russell h. taylor,1
ola nilsson,ken museth,1
olav lenz,tatiana von landesberger,1
olga sorkine-hornung,dani lischinski,1
oliver g. staadt,markus h. gross,1
oliver g. staadt,roger weber,1
oliver kreylos,e. wes bethel,1
oliver staubli,daniel gubler,1
ove daae lampe,helwig hauser,2
ovidio mallo,filip sadlo,1
ozan ersoy,alexandru telea,1
p. samuel quinan,miriah d. meyer,1
pablo roman,aditi majumder,1
pak chung wong,r. daniel bergeron,4
panpan xu,huamin qu,1
paola valdivia,luis gustavo nonato,1
paolo angelelli,helwig hauser,1
paolo brivio,paolo cignoni,1
pascal goffin,petra isenberg,1
pascal nardini,gerik scheuermann,1
pascale proulx,william wright,1
patric ljung,anders ynnerman,1
patricia crossno,edward angel,3
patrick hoffman,eugene stanley,1
patrick j. moran,marcus wagner,1
patrick köthur,doris dransch,1
patrick oesterling,gunther h. weber,1
patrick riehmann,bernd fröhlich 0001,1
patrizia palamidese,g. muccioli,1
paul a. hinker,charles d. hansen,1
paul a. navrátil,volker bromm,1
paul bendich,michael kerber,1
paul chapman,graham r. brookes,3
paul craig,jessie kennedy,1
paul gene swann,sudhanshu kumar semwal,1
paul kidwell,william s. cleveland,1
paul klemm,bernhard preim,2
paul ning,lambertus hesselink,1
paul rosenthal,lars linsen,1
paul van der corput,jarke j. van wijk,1
paulo e. rauber,alexandru telea,1
paulo ivson 0001,simone d. j. barbosa,1
paulo joia,luis gustavo nonato,1
pavol klacansky,valerio pascucci,1
peer-timo bremer,valerio pascucci,1
pepe eulzer,kai lawonn,2
peter a. fletcher,philip k. robertson,1
peter a. rona,deborah silver,1
peter bak,daniel a. keim,1
peter kochevar,colin sharp,1
peter kohlmann,m. eduard gröller,1
peter lindstrom,greg turk,1
peter lüders,rolf ernst,1
peter rander,takeo kanade,1
peter rautek,m. eduard gröller,2
peter schröder,james b. salem,1
petra isenberg,jean-daniel fekete,1
petra isenberg,mary czerwinski,1
petra isenberg,sheelagh carpendale,1
philip a. legg,min chen 0001,1
philip c. hsu,john staudhammer,1
philip j. mercurio,stephen j. young,1
philip m. sutton,charles d. hansen,1
philip peterson,f. david fracchia,1
philipp koytek,sheelagh carpendale,1
philipp meschenmoser,daniel a. keim,1
philipp muigg,helwig hauser,1
philipp muigg,m. eduard gröller,1
philipp schlegel,renato pajarola,1
phong h. nguyen,b. l. william wong,1
phong h. nguyen,bob fields,1
pier francesco cortese,maurizio pizzonia,1
pierre accorsi,florence le ber,1
ping-kang hsiung,paul andrew olbrich,1
po-ming law,huamin qu,1
po-ming law,rahul c. basole,2
po-ming law,yanhong wu,1
polina kondratieva,rüdiger westermann,1
poonam shanbhag,marie desjardins,1
pramod m. mahadev,richard d. christie,1
prashant chopra,antonio fernandez,1
prashant chopra,jörg meyer 0003,1
praveen bhaniramka,roger crawfis,1
praveen r. thiagarajan,guang r. gao,1
prithiviraj k. muthumanickam,jimmy johansson,1
prithiviraj k. muthumanickam,matthew cooper 0001,1
purvi saraiya,chris north 0001,1
purvi saraiya,karen duca,1
qian chen 0022,gérard g. medioni,1
qiaomu shen,huamin qu,1
qiaomu shen,weiwei cui,1
qin shen,samuel p. uselton,1
qingguang cui,jing yang 0001,1
qingmin shi,joseph jájá,1
quang vinh nguyen,mao lin huang,1
quentin e. dolecek,thomas s. denney jr.,1
r. j. moorehead,z. zhu,1
r. jordan crouser,remco chang,1
r. mark adams,david small,1
r. r. springmeyer,nelson l. max,1
r. victor klassen,steven j. harrington,1
raanan fattal,dani lischinski,1
rachel shadoan,chris weaver,1
rafael veras,christopher collins 0001,1
ragini rathore,karen b. schloss,1
raimund dachselt,jürgen ebert,1
rainer wegenkittl,m. eduard gröller,3
raj shekhar,j. fredrick cornhill,1
rajesh batra,lambertus hesselink,1
ralf kähler,hans-christian hege,1
ralf kähler,tom abel,1
ralf p. botchen,daniel weiskopf,1
ralph brecheisen,bart m. ter haar romeny,1
ramesh raskar,henry fuchs,1
rami hietala,jarkko oikarinen,1
ramik sadana,john t. stasko,1
randall m. rohrer,david s. ebert,1
randy k. scoggins,raghu machiraju,1
randy k. scoggins,robert j. moorhead ii,1
raphael fuchs,m. eduard gröller,1
ray j. meyers,michael b. stephenson,1
rebecca faust,carlos scheidegger,1
reinhard klein,wolfgang straßer,1
remco chang,agus sudjianto,1
remco chang,william ribarsky,1
renata g. raidou,anna vilanova,1
renato pajarola,andrzej szymczak,1
rhazes spell,fred dietrich,1
ricardo s. avila,arie e. kaufman,1
ricardo s. avila,lisa m. sobierajski,1
ricardo s. avila,sidney w. wang,1
richard m. wilson 0002,r. daniel bergeron,1
rob ingram,steve benford,1
robert a. amar,john t. stasko,2
robert a. cross,andrew j. hanson,1
robert albert,dwayne r. westenskow,1
robert b. haber,nancy s. collins,1
robert g. hughes,a. robin forrest,1
robert h. wolfe,john d. joannopoulos,1
robert haimes,david l. darmofal,1
robert j. hendley,russell beale,1
robert kosara,helwig hauser,1
robert m. edsall,linda pickle,1
robert michael kirby,david h. laidlaw,1
robert s. laramee,hans hagen,1
robert s. laramee,helwig hauser,2
robert s. macleod,michael a. matheson,1
robert strzodka,christoph s. garbe,1
roberto grosso,thomas ertl,1
robin bader,tobias günther,1
robin skånberg,timo ropinski,1
rocco gasteiger,bernhard preim,1
roel vliegen,erik-jan van der linden,1
roeland scheepens,jarke j. van wijk,2
roger a. leite,johannes kuntner,1
roger beecham,jo wood,1
roger c. tam,peter cahoon,1
roger crawfis,m. j. allison,1
roger crawfis,nelson l. max,1
roland fraedrich,rüdiger westermann,2
roland heilmann,mike sips,1
rolf westerteiger,hans hagen,1
romain vuillemot,amit kumar,1
ronell sicat,markus hadwiger,1
rongzheng bian,yunhai wang,1
roni yagel,qiang zhang,1
roni yagel,zhouhong shi,1
rosane minghim,a. robin forrest,1
ross maciejewski,david s. ebert,2
ross maciejewski,lawrence t. glickman,1
rostislav khlebnikov,dieter schmalstieg,2
roxana bujack,james p. ahrens,1
roy van pelt,anna vilanova,2
rudolf netzel,daniel weiskopf,2
ruigang yang,michael s. brown,1
runzhen huang,william ward,1
russell m. taylor ii,richard superfine,1
ryan eccles,william wright,1
s. jeromy carrière,rick kazman,1
s. k. law,k. l. pilgreen,1
s. tyson,b. williams,1
saad nadeem,arie e. kaufman,1
sabin devkota,katherine e. isaacs,1
sabine iserhardt-bauer,bernd tomandl,1
sabrina bresciani,martin j. eppler,1
saeed boorboor,arie e. kaufman,1
sameep mehta,john wilkins,1
samer s. barakat,xavier tricoche,2
sami khoury,david wessel,1
samuel gerber,ross t. whitaker,1
samuel gratzl,marc streit,2
samuel huron,jean-daniel fekete,1
samuel huron,sheelagh carpendale,1
sandeep kochhar,mark vincent lapolla,1
sanghun park,vinay siddavanahalli,1
sanjini jayaraman,chris north 0001,1
sara di bartolomeo,cody dunne,1
sarah goodwin,cagatay turkay,1
sarah goodwin,jo wood,1
sarah goodwin,mark wallace 0001,1
sarang lakare,arie e. kaufman,2
sarkis halladjian,tobias isenberg 0001,1
scott barlowe,donald j. jacobs,1
scott e. dillard,bernd hamann,1
scott e. parker,ravi samtaney,1
scott nations,ole martin smedstad,1
sean kandel,jeffrey heer,1
sean m. arietta,maneesh agrawala,1
sean m. smith,glen n. williams,1
sean williams,bernd hamann,1
sean ziegeler,duanjun lu,1
sebastian bremm,kay hamacher,1
sebastian grottel,thomas ertl,1
sebastian mazza,ivan viola,1
sepideh chakaveh,dieter breitschwerdt,1
sergej stoppel,stefan bruckner,2
shamal al-dohuki,fei wang 0016,1
shao-chiung lu,gary l. kinzel,2
shayan monadjemi,alvitta ottley,1
sheelagh carpendale,f. david fracchia,2
shehzad afzal,david s. ebert,2
shengdong zhao,mark h. chignell,1
shenghui cheng,klaus mueller,1
shiqing he,eytan adar,1
shivaraj tenginakai,raghu machiraju,1
shouxing xiang,shixia liu,1
shuai chen 0001,xiaoru yuan,1
shuainan ye,yingcai wu,1
shunan guo,nan cao,2
shyh-kuang ueng,kwan-liu ma,1
sidney w. wang,arie e. kaufman,1
silvia born,dirk bartz,1
siming chen 0001,jiawan zhang,1
siming chen 0001,xiaolong zhang 0001,1
siming chen 0001,yadong wu,1
simon schröder,hans hagen,1
simon stegmaier,thomas ertl,3
simon stusak,andreas butz,1
siwei fu,huamin qu,2
sohaib ghani,niklas elmqvist,1
song han,gérard g. medioni,1
song zhang 0004,thomas s. deisboeck,1
soon tee teoh,shyhtsun felix wu,1
soon tee teoh,xiaoliang zhao,1
sriram karthik badam,niklas elmqvist,2
sriram karthik badam,pourang irani,1
staffan björk,johan redström,2
stanislav l. stoev,wolfgang straßer,3
stef van den elzen,jarke j. van wijk,2
stefan bruckner,m. eduard gröller,3
stefan gumhold,wolfgang straßer,1
stefan guthe,wolfgang straßer,2
stefan jänicke,gerik scheuermann,1
stefan lindholm,anders ynnerman,1
stefan röttger,thomas ertl,1
steffen frey,thomas ertl,1
steffen hadlak,heidrun schumann,1
steffen hadlak,till wollenberg,1
steffen koch,thomas ertl,1
steffen oeltze-jafra,bernhard preim,1
steffen oeltze-jafra,walter schubert,1
steffen prohaska,hans-christian hege,2
stephan pajer,harald piringer,1
stephen g. eick,joseph l. steffen,1
stephen kasica,tamara munzner,1
stephen l. senft,william l. van zandt,1
stephen rudolph,david s. ebert,1
stephen smart,danielle albers szafir,1
stephen wehrend,clayton lewis,1
steve bryson,creon levit,1
steve kieffer,michael wybrow,1
steve m. f. treavett,min chen 0001,1
steve marschner,richard lobb,1
steve petruzza,valerio pascucci,1
steven bergner,david j. muraki,1
steven bergner,graham d. finlayson,1
steven g. parker,peter-pike j. sloan,1
steven p. callahan,cláudio t. silva,2
steven r. gomez,david h. laidlaw,2
steven schlegel,gerik scheuermann,1
sujal bista,amitabh varshney,1
sujin jang,karthik ramani,1
sung-eui yoon,dinesh manocha,2
sung-eui yoon,peter lindstrom,2
sunghee kim,victoria interrante,1
sungye kim,timothy w. collins,1
sunil hadap,nadia magnenat-thalmann,1
supriya garg,klaus mueller,2
susan l. havre,bobbie-jo m. webb-robertson,1
susan l. havre,lucy t. nowell,1
susan l. havre,nancy miller,1
susanne k. suter,renato pajarola,1
suya you,zhengrong liang,1
"suyun sandra"" bae","kwan-liu ma""",1
suzana djurcilov,alex t. pang,1
sven bachthaler,daniel weiskopf,1
sven gedicke,jan-henrik haunert,1
sven kuschfeldt,michael holzner,1
sye-min chan,pat hanrahan,1
sylvia saalfeld,bernhard preim,1
sébastien rufiange,michael j. mcguffin,1
t. j. jankun-kelly,kwan-liu ma,2
t. j. jankun-kelly,michael gertz 0001,1
t. j. true,j. f. hughes,1
t. todd elvins,david r. nadeau,1
takayuki itoh,koji koyamada,2
tamara munzner,bill fenner,1
tan tang,yingcai wu,2
tanja blascheck,thomas ertl,1
taosong he,arie e. kaufman,4
taosong he,hanspeter pfister,1
taosong he,sidney w. wang,1
taowei david wang,mark s. smith,1
tarek k. alameldin,mardelle shepley,1
tarik crnovrsanin,kwan-liu ma,1
tariq yousef,stefan jänicke,1
tatiana von landesberger,maria tekusova,1
tatiana von landesberger,tobias schreck,1
ted mihalisin,john schwegler,2
teng-yok lee,han-wei shen,1
tera marie green,brian d. fisher,2
terry s. yoo,ross t. whitaker,1
teruhiko teraoka,minoru maruyama,1
theresa-marie rhyne,lloyd treinish,1
thierry delmarcelle,lambertus hesselink,2
thilo spinner,mennatallah el-assady,1
thomas a. foley,david a. lane,1
thomas a. wagner,r. daniel bergeron,1
thomas auzinger,stefan bruckner,1
thomas butkiewicz,remco chang,1
thomas c. sprenger,markus h. gross,1
thomas c. sprenger,t. strasser,1
thomas gerstner,clemens simmer,1
thomas gerstner,renato pajarola,1
thomas höllt,markus hadwiger,1
thomas j. overbye,jamie d. weber,1
thomas kapler,william wright,2
thomas löwe,marcus a. magnor,1
thomas mühlbacher,harald piringer,2
thomas mühlbacher,marc streit,1
thomas schultz 0001,gordon l. kindlmann,1
thomas schultz 0001,hans-peter seidel,2
thomas theußl,m. eduard gröller,1
thomas torsney-weir,jean-marc verbavatz,1
thorsten büring,harald reiterer,1
tiago etiene,cláudio t. silva,1
tiankai xie,ross maciejewski,1
tichomir tenev,ramana rao,1
tien nguyen,jun zhang,1
tim gerrits,holger theisel,1
timothy major,rahul c. basole,1
timothy urness,bharathram ganapathisubramani,1
tobias preußer,martin rumpf,1
tobias rapp,carsten dachsbacher,2
tobias schreck,jörn kohlhammer,1
tobias skog,lars erik holmquist,1
tolga tasdizen,stanley j. osher,1
tom baumgartl,tatiana von landesberger,1
tom polk,ye zhao,1
tom roxborough,gregory m. nielson,1
tomihisa welsh,jeffrey meade,1
tomihisa welsh,klaus mueller,1
tommy dang,anushka anand,1
tommy dang,leland wilkinson,1
torin mcdonald,valerio pascucci,1
torsten möller,roni yagel,1
tran minh quan,won-ki jeong,1
tran s. gieng,issac j. trotts,1
trevor m. o'brien,david h. laidlaw,1
tushar m. athawale,alireza entezari,2
udeepta bordoloi,han-wei shen,2
udo adamy,matthias john 0003,1
ulrich clarenz,martin rumpf,1
ulrich lang,roland rühle,1
upul obeysekare,william sandberg,1
usman r. alim,laurent condat,1
uta hinrichs,sheelagh carpendale,1
vadim a. slavin,david h. laidlaw,1
vahan yoghourdjian,kim marriott,1
valentin zobel,gerik scheuermann,1
vasily volkov,ling li 0006,1
veronika soltészová,ivan viola,1
victor matvienko,jens h. krüger,1
vid petrovic,falko kuester,1
vinod anupam,eric petajan,1
vishram pandit,om gandhi,1
vivek verma,alex t. pang,2
vladimir pekar,daniel bystrov,1
voicu popescu,manuel menezes de oliveira neto,1
walter jiménez,antónio m. baptista,1
wan-chiu li,bruno lévy,1
waqas javed,niklas elmqvist,1
wayne e. fordyce,jeffrey ventrella,1
wei chen 0001,hanspeter pfister,1
wei hong 0006,arie e. kaufman,1
wei peng,elke a. rundensteiner,1
wei qiao,gerhard klimeck,2
wei zeng 0002,arie e. kaufman,1
wei zeng 0004,huamin qu,1
wei-chao chen,henry fuchs,1
wei-hsien hsu,kwan-liu ma,1
weichao wang,aidong lu,1
weifeng chen 0002,hujun bao,1
weikai yang,shixia liu,1
weiwei cui,xiaoming li,1
wenchao wu,lionel m. ni,2
wenli cai,pheng-ann heng,1
wenwen dou,michelle x. zhou,1
wenwen dou,remco chang,1
wenwen dou,william ribarsky,1
wesley willett,maneesh agrawala,1
wiebke köpp,tino weinkauf,1
wieland reich,gerik scheuermann,1
william a. pike,katarina younkin,1
william c. hill,james d. hollan,1
william e. lorensen,boris yamrom,1
william f. garrett,andrei state,1
william j. schroeder,christopher r. volpe,1
william j. schroeder,steve linthicum,1
william j. schroeder,william e. lorensen,1
william l. barth,christopher burns,1
william l. hibbard,david a. santek,1
william usher,valerio pascucci,1
wim c. de leeuw,jarke j. van wijk,2
wojciech burakiewicz,robert van liere,1
wolfgang freiler,helwig hauser,1
wolfram von funck,hans-peter seidel,1
wonyoung so,daniele quercia,1
x. wu,y. fang,1
xavier tricoche,hans hagen,2
xiaohong ye,alex t. pang,1
xiaoke huang,chong zhang,1
xiaoming wei,arie e. kaufman,1
xiaoming wei,timothy j. hallman,1
xiaoru yuan,david h. porter,1
xiaotong liu,han-wei shen,2
xin zhao 0015,feng luo 0002,1
xinhuan shu,huamin qu,1
xinran hu,scotland leman,1
xiting wang,baining guo,1
xuanwu yue,huamin qu,1
xuanwu yue,siyuan liu,1
xuexiang xie,hong qin,1
xumeng wang,kwan-liu ma,2
xumeng wang,tobias schreck,1
yael albo,sheizaf rafaeli,1
yafeng lu,ross maciejewski,2
yair kurzion,roni yagel,1
yalong yang 0001,haohui chen,1
yalong yang 0001,kim marriott,1
yan ke,e. s. panduranga,1
yang liu 0136,jeffrey heer,1
yanhua chen,jing hua,1
yaniv frishman,ayellet tal,2
yao ming,huamin qu,1
yarden livnat,charles d. hansen,1
yasuko suzuki,hiroko nakamura,1
yating lin,qinghua zheng,1
yating wei,wei chen 0001,1
ye zhao,hong qin,1
yea-seul kim,jessica hullman,1
yedendra babu shrinivasan,jie lu,1
yehuda koren,david harel,1
yehuda koren,liran carmel,1
yen-ting kuan,jung-hong chuang,1
yi han 0005,gregory d. abowd,1
yifan zhang 0007,ross maciejewski,1
ying tu,han-wei shen,2
ying-huey fua,elke a. rundensteiner,2
yingcai wu,shing-chi cheung,1
yingcai xiao,jeroen van der zijp,1
yinggang li,andrew j. hanson,1
yingmei lavin,lambertus hesselink,2
yong wang 0021,huamin qu,2
yong zhou 0001,arie e. kaufman,1
yongsu ahn,yu-ru lin,1
yootai kim,david s. thompson,1
youn ah kang,john t. stasko,2
youwei zhang,dinesh k. pai,1
yu-hsuan chan,kwan-liu ma,1
yu-shuen wang,chiew-lan tai,1
yubo tao,hujun bao,1
yun wang 0012,dongmei zhang,1
yuntao jia,john c. hart,1
yuqun chen,kai li 0001,1
yuyan song,david s. ebert,1
yuzuru tanahashi,kwan-liu ma,1
yves jean,fred alyea,1
zachary pousman,michael mateas,1
zachi karni,craig gotsman,1
zahid hossain 0001,torsten möller,1
zaixian xie,elke a. rundensteiner,1
zan armstrong,martin wattenberg,1
zengsheng zhong,ronghua shi,1
zezheng feng,huamin qu,1
zezhong wang,benjamin bach,1
zhanping liu,joe groner,1
zhao geng,rick walker,1
zhaohua ding,adam w. anderson,1
zhaosong huang,mingliang xu,1
zhicheng liu,john t. stasko,1
zhicheng liu,timothy sullivan,1
zhicong lu,daniel j. wigdor,1
zhifan zhu,robert j. moorhead ii,1
zhongjie wang 0001,tino weinkauf,1
zhuochen jin,nan cao,1
zicheng liao,baoquan chen,1
zijie j. wang,duen horng chau,1
zikun deng,yingcai wu,1
ziyi zheng,klaus mueller,2
zoltan konyha,helwig hauser,1
zoya maslak,robert j. mcdermott,1
zoë j. wood,mathieu desbrun,1
zuchao wang,huub van de wetering,1
zuchao wang,qianliang wu,1
ángel alexander cabrera,duen horng chau,1
